{
  "train_loss": [
    1.102441617640482,
    0.8549534772947637,
    0.7206822960058116,
    0.6655061685544554,
    0.6334926048731474,
    0.6215230124886684,
    0.6074397749065803,
    0.600992599775165
  ],
  "val_loss": [
    0.487934028560465,
    0.4581052287058397,
    0.5337539197820605,
    0.5810741334250479,
    0.5985543263681007,
    0.5881080103643013,
    0.5810867166880406,
    0.58183504559777
  ],
  "train_clipped_rmse": [
    0.8858034056800795,
    0.7230703683582297,
    0.6458922103514241,
    0.6158612812933114,
    0.6018334807209887,
    0.5893947009961268,
    0.584681755643434,
    0.5807468239151595
  ],
  "val_clipped_rmse": [
    0.5407651973274712,
    0.506235150229982,
    0.552330395324471,
    0.5888945038778922,
    0.6055235186252194,
    0.5998577324033163,
    0.5950124224121789,
    0.5963499817944845
  ],
  "train_clipped_mae": [
    0.7183112530115013,
    0.5740749405276391,
    0.5019052251692742,
    0.47693886877754316,
    0.4661378277062271,
    0.4577931944126358,
    0.4543356436188869,
    0.4516672191531977
  ],
  "val_clipped_mae": [
    0.409786978634921,
    0.3944567651459665,
    0.4475666710824677,
    0.4803222049366344,
    0.4918598138924801,
    0.4834548588955041,
    0.4781642480330034,
    0.47863338282614043
  ],
  "learning_rate": [
    3e-05,
    3e-05,
    3e-05,
    3e-05,
    3e-05,
    3e-05,
    1.5e-05,
    1.5e-05
  ]
}