{
  "train_loss": [
    0.8476311227253505,
    0.7819901629856655,
    0.7802799013682774,
    0.7609694790840149,
    0.7502028788839068,
    0.7578217792510986,
    0.742679569721222,
    0.7400704329354423,
    0.7377667253358023,
    0.7245381321225848,
    0.7231518084662302,
    0.7181944567816598,
    0.7118095047133309,
    0.7056664742742266,
    0.6992857674189976,
    0.6995317128726414,
    0.6944193782125201,
    0.6897324446269444,
    0.6868473516191755,
    0.6868938159942627,
    0.6882898436273848,
    0.6755199030467443,
    0.6801141483443124,
    0.6682258350508553,
    0.6468555545806884,
    0.6364389252662659,
    0.6209779286384582,
    0.6210998279707772,
    0.6304906865528651,
    0.6201499445097787,
    0.6201796586172922,
    0.6267581347056798,
    0.6227773138454982,
    0.602545611858368,
    0.5913465707642691
  ],
  "val_loss": [
    0.7752464199066162,
    0.7741859606901804,
    0.7713868304093678,
    0.760287866195043,
    0.780206679503123,
    0.7728411483764649,
    0.7555227744579315,
    0.7612079083919525,
    0.7570294892787933,
    0.7534720369180044,
    0.7555022525787354,
    0.7684462062517802,
    0.7432494628429412,
    0.7590735721588134,
    0.7401204951604208,
    0.756696814695994,
    0.7629072364171346,
    0.7438831484317779,
    0.7497774517536163,
    0.7584707117080689,
    0.7843137343724569,
    0.7474010256926219,
    0.7614605371157328,
    0.7522256263097127,
    0.7644697157541911,
    0.7569159253438313,
    0.7834222722053528,
    0.7737339321772257,
    0.7721555503209432,
    0.7894480204582215,
    0.7735345975557963,
    0.804688184261322,
    0.7664482208093008,
    0.7840045952796936,
    0.7737350916862488
  ],
  "train_rmse": [
    0.5022947284516038,
    0.48245388959533786,
    0.4819260493251298,
    0.47592531663275256,
    0.4725464937758304,
    0.47493997683998074,
    0.470171061821608,
    0.46934446151682513,
    0.4686133980392166,
    0.4643931408672133,
    0.46394864621931525,
    0.4623556788260265,
    0.4602958609894428,
    0.4583053273256559,
    0.4562285947350884,
    0.4563088535862758,
    0.45463835460482566,
    0.4531015028287304,
    0.45215288658507286,
    0.45216816144399247,
    0.4526274020687776,
    0.44840893936919257,
    0.4499311851496013,
    0.4459814768802182,
    0.43879214274601236,
    0.4352447590969801,
    0.42992555786196884,
    0.4299677368469301,
    0.43320604122133116,
    0.42963884251536205,
    0.42964914324095793,
    0.43192185436202224,
    0.43054799702206903,
    0.42349680242491033,
    0.4195427536053238
  ],
  "val_rmse": [
    0.4803691233489651,
    0.4800404601379804,
    0.47917184792357237,
    0.4757121269237642,
    0.4819034462633174,
    0.4796233143561843,
    0.47421901646312786,
    0.4759998439500056,
    0.47469164288378574,
    0.47357496714559394,
    0.4742125590892819,
    0.4782576352071805,
    0.4703514241431497,
    0.47533206312561366,
    0.4693603356885969,
    0.47458730261697063,
    0.47653085572289405,
    0.4705519215710453,
    0.47241250365879056,
    0.47514327360508435,
    0.48317011826080525,
    0.4716632279393144,
    0.47607883548943347,
    0.47318314118217436,
    0.4770185914595099,
    0.4746560438782171,
    0.48289548352112804,
    0.47990025638832606,
    0.4794105413657721,
    0.4847490189479916,
    0.47983846183901263,
    0.4894056877170512,
    0.47763548893556695,
    0.4830749045551318,
    0.4799006289946386
  ],
  "lr": [
    0.001,
    0.001,
    0.001,
    0.001,
    0.001,
    0.001,
    0.001,
    0.001,
    0.001,
    0.001,
    0.001,
    0.001,
    0.001,
    0.001,
    0.001,
    0.001,
    0.001,
    0.001,
    0.001,
    0.001,
    0.001,
    0.001,
    0.001,
    0.001,
    0.0005,
    0.0005,
    0.0005,
    0.0005,
    0.0005,
    0.0005,
    0.0005,
    0.0005,
    0.0005,
    0.00025,
    0.00025
  ]
}