{
  "train_loss": [
    0.8024522540959576,
    0.761891626232079,
    0.7270805061090574,
    0.6986184108225244,
    0.713231943826939,
    0.6770755012302698,
    0.7104002424010896,
    0.6397044553995183,
    0.6662872624369709,
    0.6167936658224077,
    0.6355923278853084,
    0.6418128040944738,
    0.6248777835680457,
    0.607822415346331,
    0.612385029447768,
    0.5818878866855649,
    0.6055347597803087,
    0.6059910080668816,
    0.5898408799183572,
    0.5601566268300171,
    0.5939688169097028,
    0.5533902423356034,
    0.5283492104562832,
    0.5578594473688782,
    0.5570051512745653,
    0.5519689379046867,
    0.5822933854833687,
    0.5642429338304884,
    0.5844970519851602,
    0.557433851415354,
    0.5350581085606523,
    0.5513595060123906,
    0.5591413984434702
  ],
  "val_loss": [
    0.6660852212036772,
    0.6364423165767651,
    0.6150855286955246,
    0.5966243785003136,
    0.5837643117152999,
    0.5723919425104639,
    0.5629258976487691,
    0.5547345450946263,
    0.5467116775477461,
    0.5399706473785081,
    0.5345599398824382,
    0.530081945687092,
    0.5252597713705354,
    0.5199637760963346,
    0.5157252196314299,
    0.5118947796927297,
    0.5087827060903821,
    0.5053586225791518,
    0.5027533759330881,
    0.5004233111595285,
    0.4975666791347447,
    0.49579110932467607,
    0.4932496317208107,
    0.4921021678764832,
    0.4922094597605062,
    0.4911297101692613,
    0.4888185026316807,
    0.48748793610798313,
    0.4879250646811988,
    0.48777708513983364,
    0.4883738804626935,
    0.4878730428923527,
    0.4873001026402553
  ],
  "train_clipped_rmse": [
    0.5295455863099482,
    0.5079278594446159,
    0.49205663656578996,
    0.47942695955403397,
    0.4713475076600188,
    0.4647290745084053,
    0.4596587894955976,
    0.4552246938609617,
    0.4513376188862935,
    0.44733591571583853,
    0.4444767156278726,
    0.4422256999242593,
    0.4396208957431662,
    0.4369066073050093,
    0.43450766046281164,
    0.43224246952918016,
    0.42978525355918923,
    0.4277517503840971,
    0.42626209567764517,
    0.42495554776954264,
    0.42370532470018585,
    0.4221478063979481,
    0.42103642391607365,
    0.4200160507133968,
    0.419764770334402,
    0.4191878920961303,
    0.4184495307388598,
    0.4175103781090521,
    0.4166062498839843,
    0.41567125033685154,
    0.4153219735215389,
    0.41472581960265625,
    0.41437605578834075
  ],
  "val_clipped_rmse": [
    0.5141295258569358,
    0.4942473055035813,
    0.4816139108233661,
    0.4713216959156288,
    0.4659704284171967,
    0.46105104408083974,
    0.45652214701340954,
    0.45244648708770396,
    0.448396581703298,
    0.44502846729730666,
    0.4423356425872267,
    0.44023687164932085,
    0.4378419419745816,
    0.4348909593355696,
    0.4326361322811623,
    0.43057753348685196,
    0.4291535169697151,
    0.42760045467928615,
    0.42649989506941133,
    0.425194124789057,
    0.4235086356325207,
    0.4224799253003653,
    0.4212380986116341,
    0.4206061600282203,
    0.4210061598130989,
    0.4205895889280659,
    0.41904888320613404,
    0.41808013292011775,
    0.4183587493659304,
    0.41837787975961355,
    0.41890817862080537,
    0.4188357964310479,
    0.4185483119162103
  ],
  "train_clipped_mae": [
    0.4147180144044477,
    0.3964135552552426,
    0.38287666719867136,
    0.3721726690917667,
    0.3654542330658613,
    0.3599905677053838,
    0.35560298358785264,
    0.3515037559402441,
    0.34744466981149386,
    0.3436604363128813,
    0.34071033319099336,
    0.3381401706959506,
    0.3355531225094489,
    0.333017834328741,
    0.3308392682617539,
    0.3289321018797169,
    0.32713971342247045,
    0.32556102617568594,
    0.32404227351042547,
    0.32262652906201034,
    0.3210975986336169,
    0.31970129963593585,
    0.3184019403756156,
    0.3172309964256978,
    0.316636258727047,
    0.3159864259119678,
    0.3148994893572083,
    0.31395457721817044,
    0.3133864591306281,
    0.3129020966650823,
    0.31244103912466636,
    0.3117626659952632,
    0.31140948952324504
  ],
  "val_clipped_mae": [
    0.4124693459477918,
    0.3968976835899165,
    0.3852346060898504,
    0.37491350808167107,
    0.3674782814063462,
    0.36125357867461705,
    0.3562198037584427,
    0.35196494468914463,
    0.3476213892105178,
    0.34349159771585697,
    0.34026826191418275,
    0.3377641703694912,
    0.33511104607229747,
    0.33207955031559383,
    0.32963106432571787,
    0.3274259543771227,
    0.3258506899396774,
    0.32427243176352216,
    0.32276843216618883,
    0.3213761475285873,
    0.31954435527031055,
    0.3186050119071171,
    0.3169761291278407,
    0.3160243692069218,
    0.31610972893061895,
    0.31546688079833984,
    0.3142348545525462,
    0.3134616302151985,
    0.3134158902567596,
    0.3132293048163353,
    0.3136248447624921,
    0.3133979818503845,
    0.3131221550438792
  ],
  "learning_rate": [
    6e-05,
    6e-05,
    6e-05,
    6e-05,
    6e-05,
    6e-05,
    6e-05,
    6e-05,
    6e-05,
    6e-05,
    6e-05,
    6e-05,
    6e-05,
    6e-05,
    6e-05,
    6e-05,
    6e-05,
    6e-05,
    6e-05,
    6e-05,
    6e-05,
    6e-05,
    6e-05,
    6e-05,
    6e-05,
    6e-05,
    6e-05,
    6e-05,
    6e-05,
    6e-05,
    6e-05,
    6e-05,
    3e-05
  ]
}