{
  "train_loss": [
    0.9673422866734743,
    0.9796451926709068,
    0.8654908643917036,
    0.8461134676941028,
    0.8348948329375537,
    0.7774904828090675,
    0.7337093420566185,
    0.721161307921641,
    0.7094597230267006,
    0.7220301902951469,
    0.7029688609569514,
    0.6973606949918872,
    0.6998951844328269,
    0.661170578845349,
    0.6968498825029177,
    0.6145818761126567,
    0.6304122628185472,
    0.6795703373691062,
    0.6176591323835708,
    0.6466496771644105,
    0.6298147966589824,
    0.6216696166784558,
    0.6491415723987041,
    0.6265444103924573,
    0.605275204473445,
    0.6092087979845979,
    0.6361341430626737,
    0.6437343545159342,
    0.5616410062956931,
    0.5969985092010947,
    0.5929120444277665,
    0.6107172353938565,
    0.6040040353340786,
    0.5968222136412824,
    0.5938469487786545
  ],
  "val_loss": [
    1.0021985880847049,
    0.9104491028879663,
    0.8343115384355554,
    0.7703472863277191,
    0.7147500820347829,
    0.6687496627492858,
    0.6360791898126086,
    0.6138405722056703,
    0.5971325700506201,
    0.5834599485244657,
    0.5725569519503363,
    0.5635620762268311,
    0.5564635332875651,
    0.5501756712133661,
    0.5462425260121012,
    0.5417368288697868,
    0.5372016702966737,
    0.5339095632137336,
    0.5302446281968667,
    0.5273212511551204,
    0.5244109356051008,
    0.5226584821205421,
    0.5208534909586601,
    0.5184133446275307,
    0.5162927521567039,
    0.5140145519390482,
    0.5112394518746531,
    0.5091722967295811,
    0.5071613866413756,
    0.5048376323260697,
    0.5034869802115586,
    0.5025635468842361,
    0.5011946328461464,
    0.4997492679234209,
    0.49863720630190056
  ],
  "train_clipped_rmse": [
    0.718568324947529,
    0.67195611752033,
    0.6310755073548061,
    0.5958086678994288,
    0.565794783118002,
    0.5413222962438421,
    0.5237428772542422,
    0.5112360616972201,
    0.5018748244215511,
    0.4940930527638023,
    0.4882914642060915,
    0.4834979630151156,
    0.47882459346648537,
    0.47455672863813936,
    0.46998185352097127,
    0.46613732291511695,
    0.4624173415903621,
    0.4589789126368409,
    0.45621723899397615,
    0.45363281933702065,
    0.4508224672218089,
    0.44791014909226534,
    0.44561837245706565,
    0.4436543416732498,
    0.4422839876609895,
    0.4405655388165262,
    0.43850320347195376,
    0.43644522995669693,
    0.43481769228327305,
    0.4333829296296066,
    0.4317735531508859,
    0.4300477722935179,
    0.42864305318428625,
    0.42772723393017714,
    0.42692671104197377
  ],
  "val_clipped_rmse": [
    0.7214382326461449,
    0.6693547360186016,
    0.6235272452450725,
    0.5836923545159706,
    0.5493097724392711,
    0.5212056800462002,
    0.5010465508529999,
    0.48691447408629857,
    0.4767134079005421,
    0.46818235250824725,
    0.46195167226541817,
    0.4566396563441626,
    0.4523116272093461,
    0.44880780487638083,
    0.44644777594899626,
    0.443766819374317,
    0.4412193022232865,
    0.43940109740372363,
    0.4374217189525056,
    0.435773633851026,
    0.4340058057338197,
    0.43296236569308333,
    0.4318487450874089,
    0.43065793033477817,
    0.4297990041743972,
    0.4287611452336276,
    0.42743561374226174,
    0.42643233110732054,
    0.4258268685900663,
    0.42494812097931944,
    0.4247037916451389,
    0.42451292002081065,
    0.4240500908466777,
    0.42374047488742045,
    0.423290539193615
  ],
  "train_clipped_mae": [
    0.5897132780838641,
    0.5468641403675865,
    0.5093801288667581,
    0.4765354730741196,
    0.44959859360972976,
    0.4275968640404439,
    0.4117331885820166,
    0.4001298492783573,
    0.3912743771881405,
    0.3838560887577113,
    0.37785500356746465,
    0.37257226530763227,
    0.36798779536314813,
    0.36352289724585646,
    0.35969341999223636,
    0.3558977907139937,
    0.3523627521571453,
    0.3493625940954469,
    0.3462649903933731,
    0.34337288151070156,
    0.3411372599531045,
    0.3393266028195276,
    0.337586069814063,
    0.3356301179631342,
    0.333546262989327,
    0.33142210624166923,
    0.32942735697135106,
    0.3280228955741769,
    0.3268091710041932,
    0.32596584442616294,
    0.3247925202182726,
    0.3235735857899146,
    0.32188168860345934,
    0.3206271410381185,
    0.31957926703049283
  ],
  "val_clipped_mae": [
    0.5917821564697867,
    0.542942849286084,
    0.5037507541073954,
    0.4701070374455945,
    0.440770758783876,
    0.41530139692898455,
    0.397452409631513,
    0.38672207024297106,
    0.3772138034181642,
    0.3691794519941208,
    0.36264359187610046,
    0.3572589188373735,
    0.3533462585486802,
    0.3499370678305039,
    0.3479390367498539,
    0.3451978526091928,
    0.34236656856067077,
    0.34038460783183283,
    0.3382934701853785,
    0.33674168469283383,
    0.3350429981212898,
    0.3341085605433422,
    0.3331043344413118,
    0.3316505636487688,
    0.3301090360275043,
    0.32865267669038817,
    0.32724494769655427,
    0.3262143146815558,
    0.32494330993426845,
    0.3237952704500095,
    0.32320327946705185,
    0.32289006087580335,
    0.32198283002881584,
    0.3209999805600772,
    0.3204444676197221
  ],
  "learning_rate": [
    5e-05,
    5e-05,
    5e-05,
    5e-05,
    5e-05,
    5e-05,
    5e-05,
    5e-05,
    5e-05,
    5e-05,
    5e-05,
    5e-05,
    5e-05,
    5e-05,
    5e-05,
    5e-05,
    5e-05,
    5e-05,
    5e-05,
    5e-05,
    5e-05,
    5e-05,
    5e-05,
    5e-05,
    5e-05,
    5e-05,
    5e-05,
    5e-05,
    5e-05,
    5e-05,
    5e-05,
    5e-05,
    5e-05,
    5e-05,
    5e-05
  ]
}