seed,best_epoch,best_train_rmse,best_val_rmse,best_val_mae,generalization_gap,test_loss,test_rmse,test_mae,test_within_half_point,test_halfstep_accuracy
3407,35,0.4345956355899531,0.4348520290335556,0.3263204485324803,0.000256393443602454,0.5590474805221182,0.4610780402936353,0.3524816241757623,0.8916256157635468,0.2857142857142857
124,33,0.42348422679216396,0.4353625167909662,0.3243888692902814,0.01187828999880225,0.5555264864649091,0.45225806214951136,0.3523734573072988,0.8866995073891626,0.26108374384236455
42,35,0.4140751303001071,0.43731259477879214,0.3391027990820373,0.02323746447868502,0.5566300353393179,0.4550585437834708,0.352515380958031,0.8916256157635468,0.26108374384236455
777,32,0.4368171394483946,0.44269145782565755,0.34426582740445444,0.005874318377262933,0.5616008002182533,0.45873604315120703,0.356184321084046,0.8916256157635468,0.270935960591133
2026,32,0.4188537613709737,0.44465834218769407,0.3342917529232983,0.02580458081672038,0.546956901039396,0.449085894866638,0.3475909262455156,0.8916256157635468,0.2660098522167488
