seed,best_epoch,best_train_rmse,best_val_rmse,best_val_mae,generalization_gap,test_loss,test_rmse,test_mae,test_within_half_point,test_halfstep_accuracy
42,33,0.4229292796454561,0.4274287108450949,0.3182097197753455,0.004499431199638748,0.5504278195609013,0.4608363437203579,0.3469819840539265,0.8719211822660099,0.2955665024630542
3407,34,0.4252460623899318,0.43046294822143377,0.3302070565998848,0.005216885831501983,0.5598544814610129,0.4566413639577768,0.3541475816313269,0.8817733990147784,0.29064039408866993
2026,35,0.426600382266644,0.4374076548033994,0.3315677243500508,0.010807272536755397,0.5552342388723871,0.46303288158957157,0.3494467424054451,0.8916256157635468,0.2857142857142857
777,35,0.42188064158060895,0.4384008389064659,0.33151855844582245,0.016520197325856967,0.5555070801615127,0.4609487263874216,0.3522570585382396,0.8866995073891626,0.29064039408866993
124,35,0.42286397259215885,0.45201883444998464,0.3399053559514689,0.029154861857825787,0.555192283368463,0.4628353805320501,0.3529870046183394,0.8669950738916257,0.2857142857142857
