seed,best_epoch,best_train_rmse,best_val_rmse,best_val_mae,generalization_gap,test_loss,test_rmse,test_mae,test_within_half_point,test_halfstep_accuracy
3407,35,0.42106597744077984,0.4351191492337783,0.3324112786448061,0.014053171792998476,0.5683132366006598,0.45801114805087584,0.3603739286291188,0.8866995073891626,0.28078817733990147
777,35,0.4305739178590173,0.438266148334126,0.3326596262419752,0.007692230475108752,0.5469346931708857,0.45401749444476164,0.3466636987742532,0.8817733990147784,0.28078817733990147
42,25,0.43943920594230373,0.4432075583299612,0.33835938528840764,0.003768352387657492,0.560123700226469,0.46163123842810644,0.3530554295760657,0.8817733990147784,0.2512315270935961
124,35,0.43505877827337863,0.4504875500029276,0.33865411175882876,0.015428771729548985,0.5615289485806902,0.46774936477171347,0.3552669545112572,0.8866995073891626,0.2955665024630542
2026,35,0.4417440845668054,0.456315205005074,0.3487981575463206,0.014571120438268581,0.5910157762431159,0.479188964484281,0.3717758743633778,0.8817733990147784,0.2660098522167488
