{
  "eval_seeds": [
    124,
    3407,
    2026,
    777,
    42
  ],
  "n_seeds": 5,
  "best_seed_by_validation": 42,
  "metrics": {
    "best_val_rmse": {
      "mean": 0.4371437974452757,
      "std": 0.008508033307795286,
      "min": 0.4274287108450949,
      "max": 0.45201883444998464
    },
    "best_val_mae": {
      "mean": 0.3302816830245145,
      "std": 0.006950348329348077,
      "min": 0.3182097197753455,
      "max": 0.3399053559514689
    },
    "test_rmse": {
      "mean": 0.46085893923743565,
      "std": 0.002299080645421177,
      "min": 0.4566413639577768,
      "max": 0.46303288158957157
    },
    "test_mae": {
      "mean": 0.3511640742494555,
      "std": 0.0026022341612161348,
      "min": 0.3469819840539265,
      "max": 0.3541475816313269
    },
    "test_within_half_point": {
      "mean": 0.8798029556650245,
      "std": 0.009136569946301175,
      "min": 0.8669950738916257,
      "max": 0.8916256157635468
    },
    "generalization_gap": {
      "mean": 0.013239729750315777,
      "std": 0.009063427485340074,
      "min": 0.004499431199638748,
      "max": 0.029154861857825787
    },
    "best_epoch": {
      "mean": 34.4,
      "std": 0.7999999999999999,
      "min": 33.0,
      "max": 35.0
    }
  },
  "sample_weight_mode": "sqrt_review_count",
  "best_seed_model_path": "ann_improved\\best_ann_model_multiseed_best_seed.pth"
}