{
  "eval_seeds": [
    124,
    3407,
    2026,
    777,
    42
  ],
  "n_seeds": 5,
  "best_seed_by_validation": 3407,
  "metrics": {
    "best_val_rmse": {
      "mean": 0.43897538812333314,
      "std": 0.003973032899040976,
      "min": 0.4348520290335556,
      "max": 0.44465834218769407
    },
    "best_val_mae": {
      "mean": 0.3336739394465103,
      "std": 0.007514368335087274,
      "min": 0.3243888692902814,
      "max": 0.34426582740445444
    },
    "test_rmse": {
      "mean": 0.45524331684889247,
      "std": 0.004315156239881568,
      "min": 0.449085894866638,
      "max": 0.4610780402936353
    },
    "test_mae": {
      "mean": 0.35222914195413074,
      "std": 0.0027321417924447366,
      "min": 0.3475909262455156,
      "max": 0.356184321084046
    },
    "test_within_half_point": {
      "mean": 0.8906403940886699,
      "std": 0.0019704433497536923,
      "min": 0.8866995073891626,
      "max": 0.8916256157635468
    },
    "generalization_gap": {
      "mean": 0.013410209423014607,
      "std": 0.009821962023651582,
      "min": 0.000256393443602454,
      "max": 0.02580458081672038
    },
    "best_epoch": {
      "mean": 33.4,
      "std": 1.3564659966250536,
      "min": 32.0,
      "max": 35.0
    }
  },
  "sample_weight_mode": "sqrt_review_count",
  "best_seed_model_path": "ann_improved\\best_ann_model_multiseed_best_seed.pt"
}