{
  "eval_seeds": [
    124,
    3407,
    2026,
    777,
    42
  ],
  "n_seeds": 5,
  "best_seed_by_validation": 3407,
  "metrics": {
    "best_val_rmse": {
      "mean": 0.44467912218117345,
      "std": 0.0077951404571211785,
      "min": 0.4351191492337783,
      "max": 0.456315205005074
    },
    "best_val_mae": {
      "mean": 0.3381765118960677,
      "std": 0.005945668043001659,
      "min": 0.3324112786448061,
      "max": 0.3487981575463206
    },
    "test_rmse": {
      "mean": 0.4641196420359477,
      "std": 0.008784288285634299,
      "min": 0.45401749444476164,
      "max": 0.479188964484281
    },
    "test_mae": {
      "mean": 0.35742717717081457,
      "std": 0.008416646142558097,
      "min": 0.3466636987742532,
      "max": 0.3717758743633778
    },
    "test_within_half_point": {
      "mean": 0.8837438423645321,
      "std": 0.0024132903869784977,
      "min": 0.8817733990147784,
      "max": 0.8866995073891626
    },
    "generalization_gap": {
      "mean": 0.011102729364716457,
      "std": 0.004579827027774226,
      "min": 0.003768352387657492,
      "max": 0.015428771729548985
    },
    "best_epoch": {
      "mean": 33.0,
      "std": 4.0,
      "min": 25.0,
      "max": 35.0
    }
  },
  "sample_weight_mode": "sqrt_review_count",
  "best_seed_model_path": "ann_improved\\best_ann_model_multiseed_best_seed.pth"
}