model,best_val_rmse,test_rmse
ANN,0.513916334573461,0.5653874403430823
