model,rmse,mae,r2,best_val_rmse
baseline_mean,0.06074703509367447,0.05268696820420964,-0.0034033145917460317,
ann,0.061255469129049514,0.05441940047524185,-0.020269960190142378,0.058064390135304934
