{"train_loss": [1.027147957256862, 1.0196714789526804, 1.014185974938529, 1.0104653579848153, 1.0074674149921963, 1.0056114734922137, 1.003993263244629, 1.0040817417417254, 1.0032316844803946, 1.0033754014968872, 1.0037969616481237, 1.0037575537817818, 1.0025625256129673, 1.0026248008864267, 1.0024910613468716, 1.0028120797021047, 1.0023663548060826, 1.0020350524357386, 1.002543338707515, 1.00233012676239, 1.0024351348195757, 1.0022344875335694, 1.0024065072195871, 1.002333277293614, 1.0019603988102503, 1.0030630803108216, 1.0022773105757576, 1.0008348665918623, 1.0024139996937342, 1.0018619101388113, 1.0025427378926959, 1.0014629220962525, 1.0033003629956927, 1.0012447847638812, 1.0024923637935093, 1.0017985779898508, 1.0012015969412666, 1.0020643162727356, 1.0016313695907593, 1.0024081226757595, 1.0020231301443918, 1.0017712838309152, 1.0024185449736458, 1.0028841815676008, 1.001584803717477, 1.002472390106746, 1.001480005128043, 1.0026328018733432, 1.001807654244559, 1.0018049008505685, 1.0019098724637712, 1.0020371552876064, 1.0009674337932042, 1.0023559509004865, 1.0017304767881121, 1.0018819236755372, 1.002328816822597, 1.0016890498570032, 1.0016000836236136, 1.001777731691088, 1.0016438334328788, 1.0014741018840245, 1.0019277426174709, 1.0015424592154367, 1.0019175577163697, 1.0018254000799998, 1.0020801258087157, 1.0018270656040738, 1.0024439007895334, 1.001578367097037, 1.0019488395963396, 1.0018717336654663, 1.0016007157734461, 1.001787657397134, 1.0018919270379203, 1.0025346667425974, 1.0021055916377477, 1.0017618523325238, 1.0023279247965131, 1.0015406145368304, 1.0017211042131697], "val_loss": [0.919874906539917, 0.9130878718694051, 0.9069506804148356, 0.9029827356338501, 0.9002023077011109, 0.8987022415796916, 0.8972638241449992, 0.8969666624069214, 0.8961613591512044, 0.8959848515192668, 0.8958292516072591, 0.8954253323872884, 0.8954527664184571, 0.8951609245936076, 0.8949516216913859, 0.8949046643575033, 0.8950228706995647, 0.8948603916168213, 0.8947816721598307, 0.8947204573949178, 0.8949104690551758, 0.8948302221298218, 0.8949072726567586, 0.8949444182713826, 0.8949653275807699, 0.8950978533426921, 0.894957062403361, 0.8947472302118937, 0.8947415860493978, 0.8947916905085246, 0.89479438940684, 0.8946741803487142, 0.8947114690144857, 0.8946789598464966, 0.8947466023763021, 0.8947028112411499, 0.894699846903483, 0.894730167388916, 0.8946428934733073, 0.8947610743840535, 0.8947491264343261, 0.8946659088134765, 0.8947279151280721, 0.894678282737732, 0.8947372802098592, 0.8947483825683594, 0.8946186049779257, 0.8946674410502116, 0.8947147591908773, 0.894656933148702, 0.8946761306126912, 0.8946657355626424, 0.8946788787841797, 0.8947107521692912, 0.894721597035726, 0.8946972401936849, 0.894721687634786, 0.8947092819213868, 0.8946605428059896, 0.8946671787897745, 0.8946688000361125, 0.8946453507741292, 0.8946500651041667, 0.8946435149510702, 0.8946715688705444, 0.894672516187032, 0.8946404314041138, 0.8946614424387614, 0.8946572176615397, 0.8946565341949463, 0.8946674791971843, 0.8946585273742675, 0.8946727832158407, 0.8946665891011556, 0.8946560970942179, 0.8946625010172526, 0.8946521298090617, 0.8946569283803304, 0.8946584383646647, 0.8946533489227295, 0.8946564928690592], "train_rmse": [0.554433012059091, 0.5523060463388747, 0.551089504908064, 0.5497698052895045, 0.5478949436141017, 0.5476919067355277, 0.545991429032834, 0.5471548726688004, 0.5467769534911371, 0.5467622913292435, 0.5464272437181914, 0.5461699436717262, 0.5459872806433437, 0.5460452460712985, 0.5452063853465074, 0.5441868517998756, 0.5454994340328984, 0.5456659576057592, 0.5451500527709443, 0.5441490079585921, 0.5440502510685846, 0.5455628866822954, 0.5450270903267685, 0.5455899262489025, 0.5451905056705382, 0.5461488807802258, 0.5447970831937893, 0.545108530761037, 0.5445692774275264, 0.5454564634112392, 0.5447012341814677, 0.5438778628267602, 0.5440191359222187, 0.5445139462144843, 0.5441760356304902, 0.5439493394904654, 0.5437022407428733, 0.5444623041494469, 0.5438445184486631, 0.5448404613643956, 0.544102260883011, 0.5430963215428207, 0.5444629883635659, 0.5441689981592694, 0.5440729837212759, 0.5449229688189067, 0.5430565358283433, 0.5436676796171449, 0.5438721366163422, 0.5442468707880033, 0.5439570920480303, 0.5447495984622619, 0.5442966716662493, 0.5436336919107662, 0.5436470953809809, 0.543685494904768, 0.5441759534815458, 0.5449046744089592, 0.5441712435879893, 0.5428110895484428, 0.5440997686883049, 0.5438512861254334, 0.5441625904214882, 0.5450376435499709, 0.5440647398208535, 0.5425339199484086, 0.5438628485200434, 0.5445541453644971, 0.5435493712965412, 0.5451147633645238, 0.5432339027712806, 0.5437671088673101, 0.5432988816681419, 0.54354682173745, 0.5443690787780586, 0.5443554740933957, 0.5438726571834168, 0.5436853304586287, 0.5435330593947755, 0.5444433647613243, 0.5441752415235072], "val_rmse": [0.524006065055094, 0.5220086823066585, 0.5202284702115438, 0.5190494856331095, 0.5179855470537361, 0.5174121806592838, 0.5167677671462895, 0.5163153448614087, 0.515893432796255, 0.5156966072991723, 0.5155456944368444, 0.5152466281593601, 0.5151137505061778, 0.5149327167983804, 0.5146822547297898, 0.5145481308647816, 0.5145996186411779, 0.5144855451397644, 0.5143973735240223, 0.5144876304878209, 0.5146654911581675, 0.5145265843944159, 0.5145080780362717, 0.5146606270144595, 0.5147086005179173, 0.5146680679775755, 0.5146647673301701, 0.5145272794559306, 0.514452294281656, 0.5143498345264381, 0.5142455578020105, 0.514097117501967, 0.5141756901291855, 0.5141340142221974, 0.5141325071024653, 0.5140452895138734, 0.5140645951805203, 0.5140403035482249, 0.5139810770128733, 0.5140608268640996, 0.5140305054050628, 0.513951388702461, 0.5140282442685791, 0.5140622762198381, 0.5140896682748813, 0.51406488504987, 0.5139311219665912, 0.5139444012629117, 0.513962058136422, 0.5139226265162682, 0.513916334573461, 0.5139068530210515, 0.5139336734737366, 0.5139648704231627, 0.5139899773733786, 0.5140287950591517, 0.5140309692267018, 0.5139760034485028, 0.5139414728886273, 0.5139431545313452, 0.5139408350227087, 0.5139338474396716, 0.5139303101207521, 0.5139250620863515, 0.5139346012913761, 0.5139454740295133, 0.5139460828960478, 0.5139586369833522, 0.5139613623105239, 0.5139633628074421, 0.5139645225122351, 0.5139731912226783, 0.5139841211274566, 0.5139802072625381, 0.5139679146337339, 0.5139677986641378, 0.5139682045576098, 0.5139729302937289, 0.5139748437696148, 0.5139739450166767, 0.5139760614323785]}