{
  "train_loss": [
    0.8685485574736524,
    0.8305971311099494,
    0.8148812923858415,
    0.803544149825822,
    0.8015157413126818,
    0.7962780338614734,
    0.7939139921273758,
    0.7914102415540325,
    0.779006538996056,
    0.7748111897440099,
    0.777065496480287,
    0.7661020150825159,
    0.7730860681676153,
    0.7599105299408756,
    0.7541503009511463,
    0.7596665991776025,
    0.7447808130463558,
    0.7350949693081984,
    0.7508433331304522,
    0.7252076389184638,
    0.7198523154899256,
    0.710290049439046,
    0.7127961866891206,
    0.7158994737845749,
    0.7142644380455586,
    0.6998878838411018,
    0.6991917181370864,
    0.68722591008713,
    0.6939542645838723,
    0.6819381019962367,
    0.6766930946663244,
    0.6739135261791855,
    0.6691012978553772,
    0.6634288739802232,
    0.6631459693410503,
    0.6611514917950132,
    0.6705444681110667,
    0.6631876840520261,
    0.6560946204769078,
    0.6490958162208101
  ],
  "val_loss": [
    1.2526540875434875,
    1.4311348770603989,
    1.3892714175311003,
    1.2599233807939472,
    1.1937564326055121,
    1.3781178561123935,
    1.4604767380338726,
    1.3097162889711784,
    1.12740989670609,
    1.121302931958979,
    1.1884859496896918,
    1.3079593297206995,
    1.1738378434470205,
    1.2353353420893352,
    1.1750743316881584,
    1.176477721604434,
    1.3763442133412216,
    1.2629907391288064,
    1.343415008169232,
    1.1093974196549619,
    1.1355284423539134,
    1.145088090318622,
    1.223276296528903,
    1.167084677291639,
    1.215909033833128,
    1.199452797571818,
    1.2704751361500133,
    1.1335378950292414,
    1.255777727473866,
    1.2709413528442384,
    1.201115835796703,
    1.2136828682639382,
    1.2831115664857806,
    1.2689485788345336,
    1.2445995778748484,
    1.178052262103919,
    1.2646978652838505,
    1.28277353590185,
    1.2423991066036801,
    1.2277116320349954
  ],
  "train_rmse": [
    0.4696555292107614,
    0.45928007299839924,
    0.45491425998032725,
    0.45173865383637024,
    0.451168126342525,
    0.44969155681548373,
    0.4490235443579707,
    0.44831496834218354,
    0.44478788761376853,
    0.44358855050625,
    0.4442333899576928,
    0.4410884354447211,
    0.4430944516691397,
    0.43930246101639164,
    0.4376342771735033,
    0.4392319525353039,
    0.4349072296872719,
    0.43207002227803804,
    0.4366737294748227,
    0.4291543948014605,
    0.4275669135880902,
    0.4247175982422264,
    0.4254662284538198,
    0.4263913744061179,
    0.42590419499139903,
    0.4215961347018674,
    0.42138640049008474,
    0.41776511320904663,
    0.4198052000257573,
    0.4161547754955817,
    0.41455128448419837,
    0.4136989905212033,
    0.4122192995531752,
    0.4104682462331224,
    0.4103807289183785,
    0.40976312962036787,
    0.41266361589657297,
    0.41039361897089394,
    0.4081930679469555,
    0.4060100617136793
  ],
  "val_rmse": [
    0.5640244753799173,
    0.6028685820236133,
    0.59398561119544,
    0.565658681088003,
    0.5506051235097081,
    0.5915964624456475,
    0.6090174139333081,
    0.576727931782307,
    0.5350856595226691,
    0.5336344445099395,
    0.5493882873976678,
    0.5763409641237631,
    0.5459921659145127,
    0.5601119105029748,
    0.5462796649254116,
    0.5466057795929845,
    0.5912156476934932,
    0.5663468165292259,
    0.5841003353871599,
    0.5307939479275882,
    0.537008796291304,
    0.5392645028931365,
    0.5573713625908767,
    0.5444193611508489,
    0.5556904496563113,
    0.5519172370620092,
    0.568022401943824,
    0.5365378651104229,
    0.5647272678425459,
    0.5681265914693265,
    0.5522997330064904,
    0.5551814982338806,
    0.570840225618989,
    0.5676810290102089,
    0.56220823244434,
    0.5469714488401131,
    0.5667294336599807,
    0.5707650414104403,
    0.5617109964018642,
    0.5583809133677259
  ],
  "lr": [
    0.001,
    0.001,
    0.001,
    0.001,
    0.001,
    0.001,
    0.001,
    0.001,
    0.001,
    0.001,
    0.001,
    0.001,
    0.001,
    0.001,
    0.001,
    0.001,
    0.001,
    0.001,
    0.001,
    0.0005,
    0.0005,
    0.0005,
    0.0005,
    0.0005,
    0.0005,
    0.0005,
    0.0005,
    0.0005,
    0.0005,
    0.00025,
    0.00025,
    0.00025,
    0.00025,
    0.00025,
    0.00025,
    0.00025,
    0.00025,
    0.00025,
    0.000125,
    0.000125
  ]
}