{
  "train_loss": [
    0.5426176250275513,
    0.5233027491184593,
    0.47011501745887013,
    0.4211837495178524,
    0.40275188804261963,
    0.37725363924632943,
    0.3198970059390123,
    0.3431343820185402,
    0.3064135059689768,
    0.2775415156582828,
    0.2766925899750711,
    0.2412377440752661,
    0.24635240548525061,
    0.21675997785917028,
    0.21975457570108983,
    0.20564522813925828,
    0.18011575947090663,
    0.1813905243033043,
    0.15808657248683974,
    0.15156064041363937,
    0.13552339387293505,
    0.13685929244982548,
    0.12798819078448576,
    0.10959074131935785,
    0.11454560297128592,
    0.10977400665031822,
    0.1018494157461201,
    0.09504766126441012,
    0.08646689176166666,
    0.09579184263502746,
    0.08270079457190324,
    0.07488689312628506,
    0.08347865639644164,
    0.07753869611309623,
    0.07968784203442945
  ],
  "val_loss": [
    0.3549065848289452,
    0.2822524134455056,
    0.23542208037352913,
    0.20525346211905549,
    0.17917687310080224,
    0.15730710026665862,
    0.1396458672332059,
    0.12152282471580458,
    0.10531860281681192,
    0.09155774879925356,
    0.08473347677973103,
    0.07480155649076542,
    0.0659375067965444,
    0.05697724324068412,
    0.0482808809195246,
    0.04113403963741704,
    0.03590724456669955,
    0.03220191058413736,
    0.035774419432863816,
    0.03565481124363216,
    0.02536784566645258,
    0.019257116668256632,
    0.017489634151455803,
    0.015934023528997535,
    0.013536241056920566,
    0.013197587991105805,
    0.013870316241028274,
    0.011525083186444391,
    0.010389316400393771,
    0.008658449174698645,
    0.00815963796500502,
    0.008483541360941572,
    0.008807074287768656,
    0.008888130266623103,
    0.009117358699073933
  ],
  "train_clipped_rmse": [
    0.5178101693435537,
    0.42460242738172566,
    0.34135476985899127,
    0.28054823991101896,
    0.23705777579020912,
    0.19465262227311592,
    0.1573246035474877,
    0.14146558814652346,
    0.1299710659507522,
    0.11772388901921672,
    0.09827635135954317,
    0.08730561556246476,
    0.0763077739533853,
    0.06664634579707929,
    0.060971621728140704,
    0.05488657935179224,
    0.048527967079569696,
    0.04032722223020148,
    0.028475290229691853,
    0.022905298386379284,
    0.025567100615718708,
    0.025732801386056645,
    0.021887239896378224,
    0.018858361483694366,
    0.01777563154370616,
    0.01450705276532907,
    0.010969002181324043,
    0.010878536621421186,
    0.010568430386898668,
    0.010860207945802273,
    0.009830737911334726,
    0.007705415367594629,
    0.0061785520854795006,
    0.005177618940773354,
    0.004243160120107476
  ],
  "val_clipped_rmse": [
    0.4799752709419885,
    0.38524845935012353,
    0.3026312296747146,
    0.24400839505572652,
    0.20246798910256888,
    0.16363561846980673,
    0.12869481613644015,
    0.11561366724416414,
    0.10711195723945205,
    0.0969814641060566,
    0.07939183778860602,
    0.07024235286150254,
    0.061766291252479046,
    0.05502913411466893,
    0.051882996279268116,
    0.047893014355311736,
    0.04283839020312672,
    0.03534881870117715,
    0.023614829922790997,
    0.01888710232054315,
    0.023871960223433252,
    0.02538652120710511,
    0.02171588652774505,
    0.018633141901360898,
    0.017795383566167177,
    0.014155090836048575,
    0.010057747191205207,
    0.010252082669610547,
    0.010204897754041205,
    0.010770210023200952,
    0.00951733734548423,
    0.007052635619542626,
    0.005215523263493498,
    0.004196784078821159,
    0.0032172675649686233
  ],
  "train_clipped_mae": [
    0.2983353903894566,
    0.22846259905832406,
    0.16373822854024772,
    0.12671965272265565,
    0.10840230718672374,
    0.09118626871847439,
    0.07248379587145182,
    0.06566379235250357,
    0.060781838473613806,
    0.05494310612340735,
    0.0435661413327866,
    0.03782313895186247,
    0.03240183727352387,
    0.02802999761980487,
    0.025830287909782697,
    0.023220900059531903,
    0.020241580645767036,
    0.016017211917204753,
    0.009831275146522081,
    0.0073327185490968,
    0.009204356242247429,
    0.00972931546080839,
    0.007885171318368425,
    0.0064074319512683045,
    0.00597189698227155,
    0.004381588302687719,
    0.0028382557424328474,
    0.002895024895078857,
    0.0028153333868186988,
    0.0030289212797186913,
    0.0026272117011433183,
    0.0017822678438717686,
    0.0012490977172600183,
    0.0009461641311645508,
    0.0006989920158951837
  ],
  "val_clipped_mae": [
    0.2706111945542209,
    0.20383253590814,
    0.14136802445491548,
    0.10592505790917157,
    0.08916112354823522,
    0.07552837033577153,
    0.06031134856745527,
    0.05599038941519601,
    0.05273841402213562,
    0.047778780237207275,
    0.037680716937398676,
    0.032902477410039294,
    0.028323049028518753,
    0.024768145800811315,
    0.023405247721178777,
    0.02149868363817337,
    0.01901659237340166,
    0.015129555035107241,
    0.008970012218494134,
    0.0065993669585054145,
    0.009411036674612261,
    0.010359689519910389,
    0.008585636838903569,
    0.00716432150948811,
    0.006901260667246551,
    0.005087183614082525,
    0.0031802842182478883,
    0.003334380722985479,
    0.003360681345897355,
    0.0037243372113833872,
    0.0031920407205966892,
    0.0021514510873503288,
    0.001470464790983153,
    0.0010685885481059258,
    0.0006903462809294903
  ],
  "learning_rate": [
    6e-05,
    6e-05,
    6e-05,
    6e-05,
    6e-05,
    6e-05,
    6e-05,
    6e-05,
    6e-05,
    6e-05,
    6e-05,
    6e-05,
    6e-05,
    6e-05,
    6e-05,
    6e-05,
    6e-05,
    6e-05,
    6e-05,
    6e-05,
    6e-05,
    6e-05,
    6e-05,
    6e-05,
    6e-05,
    6e-05,
    6e-05,
    6e-05,
    6e-05,
    6e-05,
    6e-05,
    6e-05,
    6e-05,
    6e-05,
    6e-05
  ]
}