{
  "eval_seeds": [
    124,
    3407,
    2026,
    777,
    42
  ],
  "n_seeds": 5,
  "best_seed_by_validation": 42,
  "metrics": {
    "best_val_rmse": {
      "mean": 0.05046257287046986,
      "std": 0.041311838170675054,
      "min": 0.02390166076295899,
      "max": 0.13084963786626022
    },
    "best_val_mae": {
      "mean": 0.020830772310642183,
      "std": 0.011811918545990419,
      "min": 0.010233513827394382,
      "max": 0.03931545976347524
    },
    "test_rmse": {
      "mean": 0.04564401322089519,
      "std": 0.029419016174358693,
      "min": 0.024157274901373284,
      "max": 0.10122263974219062
    },
    "test_mae": {
      "mean": 0.01980925416711516,
      "std": 0.007984072270804972,
      "min": 0.012004943316793207,
      "max": 0.029985840097436763
    },
    "test_within_half_point": {
      "mean": 1.0,
      "std": 0.0,
      "min": 1.0,
      "max": 1.0
    },
    "generalization_gap": {
      "mean": 0.001543804806014206,
      "std": 0.004731340962085862,
      "min": -0.0035232638164437863,
      "max": 0.010519359566224504
    },
    "best_epoch": {
      "mean": 25.4,
      "std": 13.35065541462291,
      "min": 1.0,
      "max": 35.0
    }
  },
  "sample_weight_mode": "sqrt_review_count",
  "best_seed_model_path": "ann_fix\\best_ann_model_multiseed_best_seed.pt"
}