trial,batch_size,learning_rate,weight_decay,hidden_layers,dropout,loss_name,use_batchnorm,best_epoch,val_rmse,val_mae
4,48,0.0007,5e-06,"[512, 256, 128]",0.2,huber,True,4,0.4985742859041449,0.3938766909698583
2,64,0.001,2e-05,"[256, 128]",0.2,mse,True,7,0.522487668400909,0.419192056174534
1,64,0.001,2e-05,"[512, 256, 128]",0.15,mse,True,4,0.5250921318208662,0.42034202569666723
3,32,0.001,1e-05,"[256, 128]",0.1,huber,True,4,0.5318939682419723,0.4304135289478001
5,64,0.0007,5e-06,"[448, 224, 112]",0.05,mse,True,4,0.552158830630553,0.44584055578671045
