{
  "train_loss": [
    1.0902460402606948,
    1.0217664821251724,
    0.9072972443163326,
    0.9207661278843213,
    0.8219805053746512,
    0.7924842765723482,
    0.7242941203922806,
    0.7013976900831401,
    0.6598395740560218,
    0.6277969148084419,
    0.6913030989300666,
    0.658352159368638,
    0.6681157364162122,
    0.656637951252727,
    0.6006007193363191,
    0.6625645135581609,
    0.5939134798391054,
    0.6358150332095659,
    0.6049525732871093,
    0.6340342815996913,
    0.6079489165867704,
    0.6015498826682018,
    0.6032435009557106,
    0.5909971925963093,
    0.6037888675888691,
    0.5770673177837802,
    0.5881370041034928,
    0.569158951639923,
    0.5680540473124736,
    0.5723018328239267,
    0.554165844783705,
    0.5420272451351892,
    0.5531410423308307,
    0.5477624368667172,
    0.5710577449374422
  ],
  "val_loss": [
    1.0460422505886096,
    0.9323965422625612,
    0.8369577039638764,
    0.761945847366831,
    0.7007679541416356,
    0.653738075289233,
    0.6212972490658314,
    0.6014241545364775,
    0.5864520865708149,
    0.574730271335893,
    0.5676562703888992,
    0.5580095368359477,
    0.5516619699929148,
    0.5444404675161897,
    0.5388858004156591,
    0.5340802518311393,
    0.530515530132895,
    0.5260230713877184,
    0.5236124569559332,
    0.5218839036126443,
    0.5172163867598096,
    0.513801049129129,
    0.5105539514807057,
    0.5091535165685738,
    0.5079636030596465,
    0.5066751328301548,
    0.5066114900441006,
    0.5051292737422906,
    0.5034174731212296,
    0.5016438251939314,
    0.5016989778415323,
    0.5010663251865086,
    0.5011848234777967,
    0.5008725491650586,
    0.5014398743953611
  ],
  "train_clipped_rmse": [
    0.7613770159606409,
    0.6984730408039435,
    0.6422831919848542,
    0.595242172016538,
    0.5569684216488123,
    0.5273382569441214,
    0.5060712137691532,
    0.492087023967298,
    0.48180654211398927,
    0.47417102464744815,
    0.46845831692922985,
    0.4616163709970155,
    0.4560519738905285,
    0.4518087559725807,
    0.44811435171097636,
    0.44540779968845023,
    0.44252004469310063,
    0.4386999099536373,
    0.4360698252297477,
    0.4338940220402362,
    0.43050853382358173,
    0.4275702224786463,
    0.4250097386750849,
    0.4224992016888843,
    0.42053563379755093,
    0.4194468102566076,
    0.419070563875125,
    0.41774663844346827,
    0.41636304645485933,
    0.4151195155153431,
    0.41383670137782413,
    0.4125041076849265,
    0.4118250548375277,
    0.4109695328908877,
    0.410583086049641
  ],
  "val_clipped_rmse": [
    0.7496112561168541,
    0.6844108528265971,
    0.626645673862795,
    0.578982147585949,
    0.5400786303350933,
    0.5103586470754337,
    0.4898710215774418,
    0.4767669269649887,
    0.4678456774188848,
    0.4608021943596139,
    0.4565792946708362,
    0.4502997981295758,
    0.44678370587286886,
    0.4431453410584335,
    0.4402181478701549,
    0.4377858553994302,
    0.43618971201038886,
    0.433898475003262,
    0.4324426786983969,
    0.43138199413841793,
    0.42854594046389854,
    0.42684874665118694,
    0.4248547735896876,
    0.42387983929109374,
    0.4232039440938952,
    0.4223846726582378,
    0.4224348875443174,
    0.42183840374999243,
    0.42066992185313784,
    0.4195795139977196,
    0.4197419540346018,
    0.41932373106071164,
    0.41962592456340014,
    0.41997977253134405,
    0.4208588011652042
  ],
  "train_clipped_mae": [
    0.6295400345345109,
    0.5715052272381853,
    0.5214330721922722,
    0.47976583075484097,
    0.44460636230041406,
    0.4171222603497827,
    0.3974171568573601,
    0.38466907058162786,
    0.37512159072586887,
    0.3677318763890023,
    0.36229336831282943,
    0.3558657821359901,
    0.350321421709642,
    0.3457614083266533,
    0.34226403126410243,
    0.33995805148041425,
    0.337316685099971,
    0.33330283015720924,
    0.33104782481562756,
    0.3294894294644502,
    0.3264520074036801,
    0.3241234477701454,
    0.3221005992795137,
    0.3201805111603839,
    0.31842208929863164,
    0.31686221826606764,
    0.3159792281846827,
    0.3145892372634108,
    0.31344550366849444,
    0.31226257751565395,
    0.31156228244599243,
    0.3110372010722781,
    0.310401640771052,
    0.3095505473248452,
    0.3093125753386999
  ],
  "val_clipped_mae": [
    0.6143325743416848,
    0.5538823545859952,
    0.5029420617765981,
    0.46433432701186006,
    0.4324954237256731,
    0.4060333726441332,
    0.3882772581917899,
    0.3785800111704859,
    0.37039310591561453,
    0.36322862526466104,
    0.35949767399304017,
    0.3547920593487218,
    0.35161734801795097,
    0.3478807886245803,
    0.34503716670820866,
    0.3422850047426271,
    0.34013364937505114,
    0.3371689401823899,
    0.33563149856229135,
    0.3343655652013318,
    0.3313587510527061,
    0.3293272004338908,
    0.3277848729946343,
    0.32726088180917823,
    0.32668132852450965,
    0.3257109038348268,
    0.32573771006955304,
    0.3245846966804542,
    0.32395190206067315,
    0.3234792178487543,
    0.3235080277391255,
    0.32335244141188746,
    0.3234044436750741,
    0.3232954370564428,
    0.32343593371912766
  ],
  "learning_rate": [
    5.5e-05,
    5.5e-05,
    5.5e-05,
    5.5e-05,
    5.5e-05,
    5.5e-05,
    5.5e-05,
    5.5e-05,
    5.5e-05,
    5.5e-05,
    5.5e-05,
    5.5e-05,
    5.5e-05,
    5.5e-05,
    5.5e-05,
    5.5e-05,
    5.5e-05,
    5.5e-05,
    5.5e-05,
    5.5e-05,
    5.5e-05,
    5.5e-05,
    5.5e-05,
    5.5e-05,
    5.5e-05,
    5.5e-05,
    5.5e-05,
    5.5e-05,
    5.5e-05,
    5.5e-05,
    5.5e-05,
    5.5e-05,
    5.5e-05,
    5.5e-05,
    5.5e-05
  ]
}