{
  "eval_seeds": [
    124,
    3407,
    2026,
    777,
    42
  ],
  "n_seeds": 5,
  "best_seed_by_validation": 3407,
  "metrics": {
    "best_val_rmse": {
      "mean": 0.4324963908067998,
      "std": 0.008393049495075171,
      "min": 0.42296278817731303,
      "max": 0.44742452902604624
    },
    "best_val_mae": {
      "mean": 0.3291484468676186,
      "std": 0.00950662121926271,
      "min": 0.31582339291502104,
      "max": 0.3425963324279033
    },
    "test_rmse": {
      "mean": 0.4501074388422558,
      "std": 0.005364863363224449,
      "min": 0.4421290788917502,
      "max": 0.45740125176100654
    },
    "test_mae": {
      "mean": 0.34812869990400486,
      "std": 0.006127797639475239,
      "min": 0.33765686028109393,
      "max": 0.35490204724184987
    },
    "test_within_half_point": {
      "mean": 0.8827586206896552,
      "std": 0.0036863619574127454,
      "min": 0.8768472906403941,
      "max": 0.8866995073891626
    },
    "generalization_gap": {
      "mean": 0.019656035363538615,
      "std": 0.004958634828122796,
      "min": 0.011464849360895923,
      "max": 0.02534929487947929
    },
    "best_epoch": {
      "mean": 33.6,
      "std": 1.8547236990991407,
      "min": 30.0,
      "max": 35.0
    }
  },
  "sample_weight_mode": "sqrt_review_count"
}