{
  "shape_full": [
    1013,
    36
  ],
  "shape_train": [
    607,
    36
  ],
  "shape_val": [
    203,
    36
  ],
  "shape_test": [
    203,
    36
  ],
  "split_counts": {
    "train": 607,
    "test": 203,
    "validation": 203
  },
  "review_distribution_full": {
    "1.5": 1,
    "1.5806451612903225": 1,
    "1.6923076923076923": 1,
    "1.875": 1,
    "2.0": 10,
    "2.25": 4,
    "2.4545454545454546": 1,
    "2.5": 44,
    "2.566666666666667": 1,
    "2.6": 1,
    "2.625": 1,
    "2.627450980392157": 1,
    "2.6666666666666665": 1,
    "2.7467532467532467": 1,
    "2.75": 7,
    "2.76": 1,
    "2.7777777777777777": 1,
    "2.7857142857142856": 2,
    "2.8": 1,
    "2.8181818181818183": 1,
    "2.8260869565217392": 1,
    "2.8333333333333335": 3,
    "2.857142857142857": 1,
    "2.8636363636363638": 1,
    "2.875": 4,
    "2.888888888888889": 2,
    "2.8974358974358974": 1,
    "2.9": 2,
    "2.90625": 1,
    "2.9166666666666665": 2,
    "2.933333333333333": 2,
    "2.9545454545454546": 1,
    "2.9615384615384617": 1,
    "2.98": 1,
    "3.0": 185,
    "3.0357142857142856": 1,
    "3.0384615384615383": 1,
    "3.05": 1,
    "3.0595238095238093": 1,
    "3.0686274509803924": 1,
    "3.0714285714285716": 1,
    "3.0833333333333335": 3,
    "3.090909090909091": 2,
    "3.1": 1,
    "3.1052631578947367": 1,
    "3.1153846153846154": 1,
    "3.1176470588235294": 1,
    "3.125": 6,
    "3.1363636363636362": 1,
    "3.140625": 1,
    "3.1470588235294117": 1,
    "3.15": 1,
    "3.1666666666666665": 17,
    "3.1875": 2,
    "3.2": 5,
    "3.2071428571428573": 1,
    "3.2142857142857144": 3,
    "3.25": 39,
    "3.264705882352941": 1,
    "3.269230769230769": 1,
    "3.275": 2,
    "3.2857142857142856": 5,
    "3.2884615384615383": 1,
    "3.292682926829268": 1,
    "3.3": 1,
    "3.3055555555555554": 1,
    "3.3125": 2,
    "3.3157894736842106": 1,
    "3.323529411764706": 1,
    "3.3333333333333335": 10,
    "3.340909090909091": 1,
    "3.34375": 1,
    "3.3472222222222223": 1,
    "3.35": 2,
    "3.3525641025641026": 1,
    "3.3529411764705883": 1,
    "3.357142857142857": 1,
    "3.3636363636363638": 2,
    "3.36734693877551": 1,
    "3.375": 3,
    "3.3783783783783785": 1,
    "3.380952380952381": 1,
    "3.392857142857143": 1,
    "3.3947368421052633": 1,
    "3.4": 2,
    "3.423076923076923": 1,
    "3.4285714285714284": 1,
    "3.433333333333333": 2,
    "3.4375": 2,
    "3.4411764705882355": 1,
    "3.4444444444444446": 2,
    "3.4523809523809526": 1,
    "3.4545454545454546": 1,
    "3.477272727272727": 1,
    "3.5": 239,
    "3.519230769230769": 1,
    "3.5416666666666665": 1,
    "3.5555555555555554": 1,
    "3.5576923076923075": 1,
    "3.5588235294117645": 1,
    "3.5625": 2,
    "3.576923076923077": 1,
    "3.611111111111111": 1,
    "3.625": 3,
    "3.6333333333333333": 1,
    "3.65": 1,
    "3.6578947368421053": 1,
    "3.6666666666666665": 5,
    "3.676470588235294": 1,
    "3.7": 4,
    "3.710526315789474": 1,
    "3.74": 1,
    "3.75": 11,
    "3.7777777777777777": 1,
    "3.7794117647058822": 1,
    "3.793103448275862": 1,
    "3.7966101694915255": 1,
    "3.8": 1,
    "3.8333333333333335": 12,
    "3.857142857142857": 1,
    "3.86046511627907": 1,
    "3.875": 1,
    "3.9": 3,
    "3.973684210526316": 1,
    "4.0": 199,
    "4.083333333333333": 1,
    "4.2": 1,
    "4.214285714285714": 2,
    "4.222222222222222": 1,
    "4.25": 3,
    "4.333333333333333": 3,
    "4.35": 1,
    "4.37037037037037": 1,
    "4.375": 1,
    "4.5": 54,
    "4.75": 1,
    "5.0": 3
  },
  "review_distribution_train": {
    "1.6923076923076923": 1,
    "1.875": 1,
    "2.0": 6,
    "2.25": 2,
    "2.5": 29,
    "2.625": 1,
    "2.6666666666666665": 1,
    "2.75": 3,
    "2.7777777777777777": 1,
    "2.7857142857142856": 1,
    "2.8": 1,
    "2.8181818181818183": 1,
    "2.8260869565217392": 1,
    "2.8333333333333335": 2,
    "2.8636363636363638": 1,
    "2.875": 2,
    "2.888888888888889": 1,
    "2.9": 2,
    "2.90625": 1,
    "2.9166666666666665": 2,
    "2.933333333333333": 1,
    "2.98": 1,
    "3.0": 107,
    "3.0357142857142856": 1,
    "3.0384615384615383": 1,
    "3.0595238095238093": 1,
    "3.0714285714285716": 1,
    "3.0833333333333335": 3,
    "3.090909090909091": 1,
    "3.1": 1,
    "3.1052631578947367": 1,
    "3.1153846153846154": 1,
    "3.125": 4,
    "3.15": 1,
    "3.1666666666666665": 9,
    "3.1875": 1,
    "3.2": 3,
    "3.2071428571428573": 1,
    "3.2142857142857144": 2,
    "3.25": 27,
    "3.264705882352941": 1,
    "3.2857142857142856": 2,
    "3.2884615384615383": 1,
    "3.3": 1,
    "3.3055555555555554": 1,
    "3.3125": 1,
    "3.3157894736842106": 1,
    "3.3333333333333335": 5,
    "3.34375": 1,
    "3.3472222222222223": 1,
    "3.35": 2,
    "3.3525641025641026": 1,
    "3.3529411764705883": 1,
    "3.357142857142857": 1,
    "3.3636363636363638": 2,
    "3.36734693877551": 1,
    "3.375": 2,
    "3.3947368421052633": 1,
    "3.4": 2,
    "3.423076923076923": 1,
    "3.4285714285714284": 1,
    "3.433333333333333": 1,
    "3.4375": 2,
    "3.4411764705882355": 1,
    "3.4444444444444446": 2,
    "3.4523809523809526": 1,
    "3.5": 146,
    "3.5416666666666665": 1,
    "3.5555555555555554": 1,
    "3.5576923076923075": 1,
    "3.5625": 1,
    "3.576923076923077": 1,
    "3.611111111111111": 1,
    "3.625": 1,
    "3.65": 1,
    "3.7": 3,
    "3.74": 1,
    "3.75": 6,
    "3.7777777777777777": 1,
    "3.7794117647058822": 1,
    "3.8": 1,
    "3.8333333333333335": 9,
    "3.857142857142857": 1,
    "3.875": 1,
    "3.9": 2,
    "3.973684210526316": 1,
    "4.0": 118,
    "4.083333333333333": 1,
    "4.2": 1,
    "4.222222222222222": 1,
    "4.25": 2,
    "4.333333333333333": 1,
    "4.375": 1,
    "4.5": 34,
    "5.0": 2
  },
  "review_distribution_val": {
    "1.5": 1,
    "2.0": 1,
    "2.25": 2,
    "2.4545454545454546": 1,
    "2.5": 7,
    "2.566666666666667": 1,
    "2.627450980392157": 1,
    "2.75": 4,
    "2.7857142857142856": 1,
    "2.8333333333333335": 1,
    "2.857142857142857": 1,
    "2.888888888888889": 1,
    "2.8974358974358974": 1,
    "2.9615384615384617": 1,
    "3.0": 39,
    "3.125": 1,
    "3.1363636363636362": 1,
    "3.1470588235294117": 1,
    "3.1666666666666665": 5,
    "3.2": 1,
    "3.25": 5,
    "3.269230769230769": 1,
    "3.2857142857142856": 3,
    "3.3125": 1,
    "3.3333333333333335": 2,
    "3.340909090909091": 1,
    "3.3783783783783785": 1,
    "3.380952380952381": 1,
    "3.433333333333333": 1,
    "3.4545454545454546": 1,
    "3.477272727272727": 1,
    "3.5": 48,
    "3.5625": 1,
    "3.6666666666666665": 2,
    "3.710526315789474": 1,
    "3.75": 1,
    "3.793103448275862": 1,
    "3.7966101694915255": 1,
    "3.8333333333333335": 3,
    "4.0": 42,
    "4.333333333333333": 1,
    "4.35": 1,
    "4.5": 10,
    "4.75": 1
  },
  "review_distribution_test": {
    "1.5806451612903225": 1,
    "2.0": 3,
    "2.5": 8,
    "2.6": 1,
    "2.7467532467532467": 1,
    "2.76": 1,
    "2.875": 2,
    "2.933333333333333": 1,
    "2.9545454545454546": 1,
    "3.0": 39,
    "3.05": 1,
    "3.0686274509803924": 1,
    "3.090909090909091": 1,
    "3.1176470588235294": 1,
    "3.125": 1,
    "3.140625": 1,
    "3.1666666666666665": 3,
    "3.1875": 1,
    "3.2": 1,
    "3.2142857142857144": 1,
    "3.25": 7,
    "3.275": 2,
    "3.292682926829268": 1,
    "3.323529411764706": 1,
    "3.3333333333333335": 3,
    "3.375": 1,
    "3.392857142857143": 1,
    "3.5": 45,
    "3.519230769230769": 1,
    "3.5588235294117645": 1,
    "3.625": 2,
    "3.6333333333333333": 1,
    "3.6578947368421053": 1,
    "3.6666666666666665": 3,
    "3.676470588235294": 1,
    "3.7": 1,
    "3.75": 4,
    "3.86046511627907": 1,
    "3.9": 1,
    "4.0": 39,
    "4.214285714285714": 2,
    "4.25": 1,
    "4.333333333333333": 1,
    "4.37037037037037": 1,
    "4.5": 10,
    "5.0": 1
  },
  "review_mean_by_split": {
    "train": 3.4571443326303,
    "validation": 3.440959659495269,
    "test": 3.459814946788077
  },