{
  "n_total": 2000,
  "n_train": 1400,
  "n_val": 300,
  "n_test": 300,
  "input_dim_after_preprocessing": 84,
  "best_epoch": 70,
  "best_val_rmse": 0.470978620641267,
  "test_loss": 0.7400952502091726,
  "test_rmse": 0.46310709466954864,
  "test_mae": 0.37107735872268677,
  "test_r2": 0.3347015976905823,
  "model_config": {
    "batch_size": 32,
    "learning_rate": 0.0005,
    "weight_decay": 0.0001,
    "hidden_layers": [
      128,
      64
    ],
    "dropout": 0.15
  }
}