{
  "n_total": 2000,
  "n_train": 1400,
  "n_val": 300,
  "n_test": 300,
  "input_dim_after_preprocessing": 84,
  "best_epoch": 48,
  "best_val_rmse": 0.47172380324010793,
  "test_loss": 0.7340474160512288,
  "test_rmse": 0.46121104254228285,
  "test_mae": 0.3697478175163269,
  "test_r2": 0.34013813734054565,
  "model_config": {
    "batch_size": 32,
    "learning_rate": 0.0005,
    "weight_decay": 0.0001,
    "hidden_layers": [
      128,
      64
    ],
    "dropout": 0.15
  }
}