{
  "train_loss": [
    0.6341747431711118,
    0.5538752776686497,
    0.5243353370147916,
    0.5103309920855931,
    0.49962305489773023,
    0.4885933542306522,
    0.48274970266126815,
    0.47938779710624624,
    0.47066863484096966,
    0.4676854321758868,
    0.46441265042476393,
    0.45578628256573656,
    0.45396513779591857,
    0.4546797721067332,
    0.4480236189705985,
    0.44593089302564,
    0.4469184766441996,
    0.44789228222337185,
    0.4456417518002646,
    0.447733338966897,
    0.4469023044757579,
    0.44434082865165675,
    0.4457101961984063,
    0.44514288473788494
  ],
  "val_loss": [
    0.6060855489788634,
    0.5924749984885707,
    0.561415336710034,
    0.5520476084766965,
    0.5590249814770438,
    0.5317809090469823,
    0.5559950001312025,
    0.5327590886390571,
    0.52149284138824,
    0.5268919339685729,
    0.5251923272103974,
    0.5351972581762257,
    0.5341728705348391,
    0.5287188936363567,
    0.5331296971350005,
    0.5391229391098022,
    0.539499712712837,
    0.5396050774689877,
    0.538249053738334,
    0.5362220919493473,
    0.5388959360845161,
    0.5370006853883916,
    0.5384513594887473,
    0.5409820791446801
  ],
  "train_clipped_rmse": [
    0.5938022320475943,
    0.5508610080540203,
    0.5299918468867026,
    0.5201557081647565,
    0.5095781631612317,
    0.5013774385581797,
    0.49892640648251363,
    0.49341743118684944,
    0.49127785286911146,
    0.48661155448135157,
    0.48469202484072327,
    0.4811268388990217,
    0.47883768486986183,
    0.47798730619564517,
    0.47749475449704487,
    0.476350271003288,
    0.47534473092065654,
    0.47543499947164614,
    0.47470692346800314,
    0.47416492289040185,
    0.4742469588633131,
    0.4738590297825688,
    0.4739094976477831,
    0.4738895721234758
  ],
  "val_clipped_rmse": [
    0.6101023259986577,
    0.5966274112113983,
    0.5698846651907161,
    0.5633921680501968,
    0.5691985304432308,
    0.547305884611701,
    0.5693427316817848,
    0.5496013572248609,
    0.5418667719580075,
    0.5476268141958888,
    0.5456059623964199,
    0.5550178146977773,
    0.5529622685431171,
    0.5495503477197781,
    0.5528190905539749,
    0.5580461435944216,
    0.5582914436449898,
    0.5578494269766595,
    0.5568246233200522,
    0.5549059469388695,
    0.5570851971849876,
    0.5557796382290829,
    0.5570569853148283,
    0.5589918093997142
  ],
  "train_clipped_mae": [
    0.4591799943128489,
    0.4338723039297464,
    0.4173824216363617,
    0.41000075441901035,
    0.40182095351307073,
    0.3938298408611579,
    0.3900707019089554,
    0.38431959525780746,
    0.3813085050077482,
    0.3787939372699931,
    0.37653332105430043,
    0.37420642027107803,
    0.3726374637696051,
    0.37170835392815726,
    0.37054130882711456,
    0.37025759596429114,
    0.36946668830884766,
    0.3683393665722438,
    0.3678382412079842,
    0.3676061300088733,
    0.36732463152727224,
    0.36723372123208464,
    0.36719466456070476,
    0.36694684234632324
  ],
  "val_clipped_mae": [
    0.49891055858496464,
    0.48859338182391543,
    0.4673012285521536,
    0.4620676582509821,
    0.4666864937002009,
    0.44766323494188714,
    0.46353081356395376,
    0.4475833061969641,
    0.4391888827988596,
    0.44303350376360345,
    0.44119098619981245,
    0.4478964682781335,
    0.44742911584449535,
    0.4433972929463242,
    0.4462906649618438,
    0.45034840540452437,
    0.4504037604187474,
    0.4506089774045077,
    0.449917518008839,
    0.4481956026770852,
    0.4498851068092115,
    0.44870140335776587,
    0.44936631737333355,
    0.451051283605171
  ],
  "learning_rate": [
    5e-05,
    5e-05,
    5e-05,
    5e-05,
    5e-05,
    5e-05,
    5e-05,
    5e-05,
    5e-05,
    5e-05,
    5e-05,
    5e-05,
    5e-05,
    2.5e-05,
    2.5e-05,
    2.5e-05,
    2.5e-05,
    1.25e-05,
    1.25e-05,
    1.25e-05,
    1.25e-05,
    6.25e-06,
    6.25e-06,
    6.25e-06
  ]
}