{
  "train_loss": [
    0.8552694858823504,
    0.7912371325492858,
    0.7784835594041007,
    0.763350304876055,
    0.7501930594444275,
    0.7528144291469029,
    0.7361445443970817,
    0.7314707524435861,
    0.7183975573948451,
    0.7107430795260838,
    0.7068030394826617,
    0.6925951153891428,
    0.6898222555433001,
    0.6741364468847002,
    0.6658506400244577,
    0.6740221629823957,
    0.6644795346260071,
    0.6588639177594866,
    0.6540108857836042,
    0.6524342751502991,
    0.6617682542119707,
    0.6470551061630249,
    0.6477496012619564,
    0.6440927284104484,
    0.6242632000786917,
    0.6110363388061524,
    0.6040576430729457,
    0.6049066063335964,
    0.6078788001196725,
    0.6051931534494672,
    0.6006654566526413,
    0.6017621639796665,
    0.6009739184379578,
    0.5832634053911482,
    0.5786806460789272
  ],
  "val_loss": [
    0.7801719236373902,
    0.7765355221430461,
    0.7691636550426483,
    0.7743292085329692,
    0.7825245062510172,
    0.7723279142379761,
    0.7513843790690105,
    0.7593520824114481,
    0.7512505686283112,
    0.7523535271485646,
    0.7378289381663005,
    0.7636283564567566,
    0.730990339120229,
    0.7516888499259948,
    0.7231072167555491,
    0.7604210527737936,
    0.7683044377962748,
    0.7411169183254241,
    0.7333457628885905,
    0.7659461736679077,
    0.7757980608940125,
    0.7412283786137899,
    0.7729616848627726,
    0.743914958635966,
    0.769142484664917,
    0.7567356952031453,
    0.7840307513872783,
    0.7872978949546814,
    0.7790188368161519,
    0.787302918434143,
    0.7773588426907857,
    0.810556354522705,
    0.7705160133043925,
    0.7932831215858459,
    0.7823430331548055
  ],
  "train_rmse": [
    0.5045528551132232,
    0.485298000273838,
    0.4813709627198627,
    0.47666922140381623,
    0.47254338769162324,
    0.4733682739207067,
    0.4680979485074232,
    0.46660959804509017,
    0.46242105029252206,
    0.45995094304656264,
    0.4586742570906509,
    0.45404078579339036,
    0.45313101797382727,
    0.447949515476299,
    0.4451881536243058,
    0.44791157483008615,
    0.44472955728694424,
    0.44284629542056864,
    0.44121238367148485,
    0.4406802359244564,
    0.44382130090335215,
    0.4388598188079601,
    0.4390952624115143,
    0.4378540615909265,
    0.4310613171059428,
    0.4264702078776956,
    0.42402783096827656,
    0.42432569487032784,
    0.4253668737305073,
    0.4244262061595883,
    0.4228355633746142,
    0.4232213823655887,
    0.42294410943816524,
    0.4166654964271642,
    0.41502538321896554
  ],
  "val_rmse": [
    0.48189271639504316,
    0.4807683274370657,
    0.47848087106733533,
    0.4800848473868951,
    0.48261870102623833,
    0.4794640309443993,
    0.47291842984054294,
    0.47541923656264956,
    0.47287634777105925,
    0.4732233381433733,
    0.46863317623316686,
    0.4767560409519236,
    0.46645633294427813,
    0.47301427034239457,
    0.4639343534329753,
    0.4757537702319825,
    0.47821353017937995,
    0.4696761994515753,
    0.4672072613724609,
    0.477479053307501,
    0.4805399834156228,
    0.46971149380756294,
    0.4796607193320775,
    0.47056196003332024,
    0.4784742687804745,
    0.4745995163384186,
    0.48308295541976315,
    0.484088459168453,
    0.4815364387733219,
    0.48408998286996724,
    0.4810231119836826,
    0.4911869263136582,
    0.47890131451551204,
    0.48592504013131227,
    0.48256276656332314
  ],
  "lr": [
    0.001,
    0.001,
    0.001,
    0.001,
    0.001,
    0.001,
    0.001,
    0.001,
    0.001,
    0.001,
    0.001,
    0.001,
    0.001,
    0.001,
    0.001,
    0.001,
    0.001,
    0.001,
    0.001,
    0.001,
    0.001,
    0.001,
    0.001,
    0.001,
    0.0005,
    0.0005,
    0.0005,
    0.0005,
    0.0005,
    0.0005,
    0.0005,
    0.0005,
    0.0005,
    0.00025,
    0.00025
  ]
}