{
  "baseline_mean": {
    "validation": {
      "rmse": 0.6613720608163478,
      "mae": 0.5431931252826776,
      "r2": -1.5357612993356198
    },
    "test": {
      "rmse": 0.7060970976973572,
      "mae": 0.5719357756671192,
      "r2": -0.8995919435634052
    }
  },
  "ridge_regression": {
    "validation": {
      "rmse": 0.5341289422226693,
      "mae": 0.42430238630564415,
      "r2": -0.6538986883991442
    },
    "test": {
      "rmse": 0.5869813457480071,
      "mae": 0.48414148071058016,
      "r2": -0.31274407080946376
    }
  },
  "ann_regression": {
    "validation": {
      "rmse": 0.5508852853053714,
      "mae": 0.45297691032441845,
      "r2": -0.7592964426369588
    },
    "test": {
      "rmse": 0.614777410126652,
      "mae": 0.5040369666693757,
      "r2": -0.4400158367455842
    }
  }
}